<?xml version="1.0" encoding="UTF-8"?>
<!--
To change this license header, choose License Headers in Project Properties.
To change this template file, choose Tools | Templates
and open the template in the editor.
-->


<root>
    <query key="PrescriptionInsert">
        <entry>INSERT INTO prescription(PatientName, PatientID, Age, Sex, CreateDate, DrugName, Dosage, Frequency, Period) VALUES(?, ?, ?, ?, ?, ?, ?, ?, ?)</entry>
    </query>
    <query key="PrescriptionUpdate">
        <entry>UPDATE prescription SET PatientName = ?, Age = ?, Sex = ?, CreateDate = ?, DrugName = ?, Dosage = ?, Frequency = ?, Period = ? WHERE PatientID = ?</entry>
    </query>  
    <query key="PrescriptionDelete">
        <entry>DELETE FROM prescription WHERE PatientID = ?</entry>
    </query>
    <query key="patientDetails">
        <entry>SELECT PatientName, PatientID FROM patient</entry>
    </query>
    <query key="drugDetails">
        <entry>SELECT drugName FROM drugs</entry>
    </query>  
    <query key="prescriptiontDetails">
        <entry>SELECT * FROM prescription</entry>
    </query>
    <query key="prescriptionView">
        <entry>SELECT PatientID, PrescriptionID, PatientName, Age, CreateDate FROM prescription</entry>
    </query>
    <query key="availableDrugView">
        <entry>SELECT PatientID, DrugName, Dosage, Frequency, Period FROM prescription</entry>
    </query>
    <query key="PrescriptionSelectAllById">
        <entry>SELECT * FROM prescription WHERE PatientID IN (?) </entry>
    </query>
    
</root>
