<?xml version="1.0" encoding="UTF-8"?>
<!--
To change this license header, choose License Headers in Project Properties.
To change this template file, choose Tools | Templates
and open the template in the editor.
-->


<root>
    <message key="Err_Something_Went_Wrong">
        <entry>Something went Wrong</entry>
    </message>
    <message key="Msg_Succesfully_Added">
        <entry>Succesfully Added</entry>
    </message>
    <message key="Msg_Succesfully_Updated">
        <entry>Succesfully Updated</entry>
    </message>
</root>
